﻿[
  {"side": "Server", "file": "game:entities/humanoid/player", "op": "add", "path": "/client/behaviors/-", "value": {"code": "CombatOverhaul:FirstPersonAnimations"}},
  {"side": "Server", "file": "game:entities/humanoid/player", "op": "add", "path": "/client/behaviors/-", "value": {"code": "CombatOverhaul:ThirdPersonAnimations"}},
  {"side": "Server", "file": "game:entities/humanoid/player", "op": "add", "path": "/client/behaviors/-", "value": {"code": "CombatOverhaul:ActionsManager"}},
  {"side": "Server", "file": "game:entities/humanoid/player", "op": "add", "path": "/client/behaviors/-", "value": {"code": "CombatOverhaul:AimingAccuracy"}},
  {"side": "Server", "file": "game:entities/humanoid/player", "op": "add", "path": "/client/behaviors/-", "value": {"code": "CombatOverhaul:WearableStats"}},
  {"side": "Server", "file": "game:entities/humanoid/player", "op": "add", "path": "/server/behaviors/-", "value": {"code": "CombatOverhaul:WearableStats"}},
  {"side": "Server", "file": "game:entities/humanoid/player", "op": "add", "path": "/client/behaviors/-", "value": {"code": "CombatOverhaul:InInventory"}},
  {"side": "Server", "file": "game:entities/humanoid/player", "op": "add", "path": "/server/behaviors/-", "value": {"code": "CombatOverhaul:InInventory"}}
]