﻿[
  {
    "file": "game:shapes/entity/humanoid/seraph",
    "op": "add",
    "path": "/elements/0/children/-",
    "value": {
      "name": "DetachedAnchor",
      "from": [0, 16, 0],
      "to": [0, 16, 0],
      "uv": [0, 0],
      "rotationOrigin": [0, 16, 8],
      "faces": {
        "north": {"texture": "#null", "uv": [0, 0.5, 0.5, 1]},
        "east": {"texture": "#null", "uv": [0.5, 0.5, 1, 1]},
        "south": {"texture": "#null", "uv": [1, 0.5, 1.5, 1]},
        "west": {"texture": "#null", "uv": [1.5, 0.5, 2, 1]},
        "up": {"texture": "#null", "uv": [0, 0, 0.5, 0.5]},
        "down": {"texture": "#null", "uv": [0.5, 0, 1, 0.5]}
      },
      "attachmentpoints": [{"code": "DetachedAnchor", "posX": "0.0", "posY": "16.0", "posZ": "8.0", "rotationX": "0.0", "rotationY": "0.0", "rotationZ": "0.0"}]
    }
  },
  {
    "file": "game:shapes/entity/humanoid/seraph-faceless",
    "op": "add",
    "path": "/elements/0/children/-",
    "value": {
      "name": "DetachedAnchor",
      "from": [0, 16, 0],
      "to": [0, 16, 0],
      "uv": [0, 0],
      "rotationOrigin": [0, 16, 8],
      "faces": {
        "north": {"texture": "#null", "uv": [0, 0.5, 0.5, 1]},
        "east": {"texture": "#null", "uv": [0.5, 0.5, 1, 1]},
        "south": {"texture": "#null", "uv": [1, 0.5, 1.5, 1]},
        "west": {"texture": "#null", "uv": [1.5, 0.5, 2, 1]},
        "up": {"texture": "#null", "uv": [0, 0, 0.5, 0.5]},
        "down": {"texture": "#null", "uv": [0.5, 0, 1, 0.5]}
      },
      "attachmentpoints": [{"code": "DetachedAnchor", "posX": "0.0", "posY": "16.0", "posZ": "8.0", "rotationX": "0.0", "rotationY": "0.0", "rotationZ": "0.0"}]
    }
  },
  {
    "file": "game:shapes/entity/humanoid/seraph-hairless",
    "op": "add",
    "path": "/elements/0/children/-",
    "value": {
      "name": "DetachedAnchor",
      "from": [0, 16, 0],
      "to": [0, 16, 0],
      "uv": [0, 0],
      "rotationOrigin": [0, 16, 8],
      "faces": {
        "north": {"texture": "#null", "uv": [0, 0.5, 0.5, 1]},
        "east": {"texture": "#null", "uv": [0.5, 0.5, 1, 1]},
        "south": {"texture": "#null", "uv": [1, 0.5, 1.5, 1]},
        "west": {"texture": "#null", "uv": [1.5, 0.5, 2, 1]},
        "up": {"texture": "#null", "uv": [0, 0, 0.5, 0.5]},
        "down": {"texture": "#null", "uv": [0.5, 0, 1, 0.5]}
      },
      "attachmentpoints": [{"code": "DetachedAnchor", "posX": "0.0", "posY": "16.0", "posZ": "8.0", "rotationX": "0.0", "rotationY": "0.0", "rotationZ": "0.0"}]
    }
  }
]